do,you,think
you,have,to
is,a,bot
that,would,be
what,the,hell
if,you,have
all,the,time
what,do,you
im,pretty,sure
i,dont,know
every,account,on
a,klondike,bar
he,looks,like
not,allowed,to
i,want,to
is,the,most
i,have,to
have,no,idea
it,was,a
i,feel,like
going,to,be
where,do,you
the,whole,thing
i,would,have
to,say,this
is,not,a
the,only,one
on,the,internet
what,the,fuck
sounds,like,a
i,thought,you
the,fact,that
i,need,to
the,fuck,up
you,know,what
a,serious,tag
you,need,to
you,have,to
why,are,you
why,would,you
is,the,best
jet,fuel,cant
reddit,is,a
dont,want,to
bot,except,you
are,you,a
here,to,say
on,the,internet
im,not,sure
how,do,you
my,women,like
this,thread,is
do,you,have
be,able,to
melt,steel,beams
why,would,you
want,to,be
i,thought,it
want,to,be
to,be,the
your,dick,in
all,the,time
account,on,reddit
a,lot,of
the,rest,of
i,dont,know
if,you,dont
im,going,to
what,do,you
you,have,a
i,think,you
i,dont,want
for,the,gold
paul,blart,mall
in,the,first
that,would,be
do,you,mean
to,be,a
i,had,to
i,feel,like
it,is,a
i,dont,think
have,no,idea
it,was,a
in,the,us
this,is,why
when,i,was
for,some,reason
more,of,a
i,have,a
to,do,with
i,dont,care
the,same,thing
in,the,world
are,you,a
you,must,be
there,is,no
how,do,you
there,is,a
we,did,it
im,pretty,sure
why,do,you
i,have,no
the,rest,of
i,used,to
what,the,fuck
do,you,know
you,are,a
this,is,the
going,to,be
one,of,the
in,front,of
i,think,you
a,bunch,of
in,this,thread
i,am,a
the,fact,that
a,lot,of
it,was,the
thanks,for,the
to,have,a
i,thought,it
i,am,a
thought,it,was
like,i,like
blart,mall,cop
you,sound,like
im,not,a
do,you,think
dont,know,what
sounds,like,a
you,need,to
i,am,not
is,the,only
i,like,my
on,reddit,is
did,it,reddit
one,of,the
do,you,live
to,be,fair
i,get,it
do,you,know
game,of,thrones
ha,ha,ha
i,think,it
i,like,to
when,i,was
be,able,to
out,of,the
i,want,to
the,only,one
i,dont,get
like,my,women
i,have,a
it,would,be
one,of,those
in,the,middle
lot,of,people
one,of,those
are,redviolets,are
i,dont,have
dont,have,to
have,to,be
im,going,to
in,the,us
i,dont,like
thank,you,for
fuel,cant,melt
looks,like,a
as,long,as
thanks,for,the
ever,ever,ever
know,how,to
to,be,fair
i,dont,think
this,is,a
you,dont,have
this,is,why
cant,melt,steel
this,is,the
a,bot,except
roses,are,redviolets
dont,have,a
this,is,a
what,kind,of
to,be,a
you,know,what
you,want,to
it,would,be
if,you,have
came,here,to
that,was,the
you,have,a
ive,never,been
piece,of,shit
i,dont,care
the,fuck,is
if,you,dont
how,did,you
if,you,want
