a,lot,of
i,dont,know
what,the,fuck
i,like,my
i,feel,like
this,is,the
one,of,the
i,dont,think
you,have,a
sounds,like,a
are,redviolets,are
roses,are,redviolets
all,the,time
to,be,a
it,was,a
what,do,you
thought,it,was
i,have,a
in,the,middle
looks,like,a
i,want,to
what,kind,of
i,dont,care
im,going,to
im,pretty,sure
like,i,like
you,have,to
i,thought,it
thanks,for,the
in,front,of
how,do,you
this,is,a
want,to,be
ever,ever,ever
i,am,a
have,no,idea
when,i,was
the,rest,of
is,the,best
if,you,dont
that,would,be
this,thread,is
on,the,internet
i,used,to
this,is,why
are,you,a
where,do,you
i,had,to
to,have,a
we,did,it
the,only,one
to,be,fair
it,would,be
is,the,only
that,was,the
he,looks,like
do,you,know
the,fact,that
i,thought,you
i,need,to
you,need,to
i,think,you
not,allowed,to
a,serious,tag
ha,ha,ha
going,to,be
one,of,those
the,fuck,is
did,it,reddit
like,my,women
in,the,first
i,like,to
do,you,think
out,of,the
what,the,hell
know,how,to
you,know,what
if,you,have
i,would,have
ive,never,been
dont,have,a
if,you,want
piece,of,shit
why,would,you
it,was,the
do,you,live
your,dick,in
be,able,to
to,be,the
i,get,it
lot,of,people
is,the,most
more,of,a
for,some,reason
for,the,gold
in,the,us
i,think,it
the,whole,thing
how,did,you
my,women,like