i,dont
if,you
in,the
to,be
i,think
of,the
is,a
do,you
this,is
i,was
i,have
you,are
have,a
are,you
i,would
it,was
is,the
you,have
i,am
have,to
it,is
on,the
you,can
im,not
its,not
you,dont
but,i
in,a
want,to
i,just
to,the
i,know
a,lot
going,to
its,a
and,i
not,a
if,i
i,can
as,a
for,the
you,know
like,a
dont,know
was,a
would,be
be,a
the,same
that,is
there,is
i,like
when,i
all,the
with,a
the,only
they,are
did,you
for,a
of,a
i,thought
the,fuck
need,to
i,cant
is,that
out,of
at,least
to,do
there,are
you,should
im,a
in,my
to,get
one,of
dont,think
no,one
is,not
i,love
i,had
and,the
that,i
a,good
dont,have
i,didnt
would,you
with,the
sounds,like
i,feel
people,who
kind,of
you,just
lot,of
that,you
i,guess
you,think
i,hate
trying,to
you,cant
what,you
the,best
you,could
know,what
he,was
that,was
you,mean
at,the
when,you
the,first
to,say
if,youre
i,want
on,a
i,mean
i,could
is,it
thats,not
so,you
i,do
you,get
on,reddit
thank,you
like,the
to,make
from,the
had,a
so,i
i,get
go,to
is,this
if,they
all,of
have,you
to,have
what,i
i,see
not,the
are,the
and,you
what,the
if,it
the,one
should,be
what,if
i,got
you,want
was,the
think,you
people,are
just,a
why,do
not,sure
youre,a
why,would
i,never
get,a
because,i
what,is
and,a
of,my
it,would
you,do
do,it
thats,a
pretty,sure
you,were
can,be
yeah,i
to,a
its,the
feel,like
i,will
like,to
how,do
the,most
a,little
but,you
to,me
so,much
jet,fuel
i,hope
about,the
to,go
like,you
have,no
no,i
yeah,but
would,have
but,it
way,to
that,the
have,been
its,just
the,world
can,you
how,to
be,the
to,see
it,to
what,do
am,i
they,dont
are,a
of,them
well,i
for,me
but,the
i,wish
a,few
have,the
talking,about
ive,never
more,than
this,thread
used,to
i,read
the,us
a,guy
if,the
i,really
will,be
in,your
thanks,for
the,other
not,to
you,need
at,all
i,agree
reddit,is
dont,like
for,you
we,have
being,a
pretty,much
had,to
i,always
im,sorry
this,one
look,at
how,many
i,wouldnt
a,man
theres,a
thats,what
the,way
on,my
a,girl
how,is
dont,get
the,last
thats,the
of,your
it,in
has,a
the,guy
dont,want
youre,not
what,a
not,really
are,not
most,of
if,its
about,it
fuck,you
think,that
is,why
should,have
you,to
that,would
your,mom
he,is
like,that
is,no
but,its
must,be
of,course
the,time
because,they
know,that
paul,blart
which,is
some,of
because,you
thats,why
me,to
why,are
you,for
better,than
be,fair
came,here
it,doesnt
im,going
you,would
and,then
is,just
you,must
they,have
what,about
make,a
get,it
of,those
i,did
im,sure
just,dont
of,that
a,bit
im,pretty
we,are
such,a
why,is
roses,are
i,bet
i,said
is,an
i,need
ive,been
she,was
every,account
able,to
was,just
we,dont
is,so
yes,i
some,people
of,it
read,the
by,the
i,saw
of,people
if,he
know,how
with,you
do,not
live,in
and,it
time,i
here,to
the,people
you,got
it,just
is,what
enough,to
its,like
could,be
you,like
a,big
part,of
looks,like
you,really
think,its
sound,like
a,woman
instead,of
no,it
it,and
can,i
dont,you
the,fact
do,with
got,a
how,the
to,know
you,sound
how,much
to,you
the,worst
because,it
because,its
why,i
account,on
and,not
with,your
dont,care
when,they
you,a
not,even
on,your
in,this
the,hell
you,say
try,to
is,your
the,whole
made,me
but,im
it,i
you,didnt
think,it
no,idea
think,the
as,well
then,you
there,was
ive,seen
because,of
wanted,to
i,used
only,one
they,were
if,your
the,question
to,take
just,because
that,one
to,my
and,im
a,very
i,havent
say,that
the,word
fuel,cant
tell,me
dont,understand
get,the
i,only
dont,even
i,believe
you,and
supposed,to
year,old
the,point
wrong,with
then,i
as,i
that,it
do,i
think,of
does,it
at,a
that,doesnt
why,the
hard,to
the,internet
how,you
because,the
like,i
take,a
so,many
theres,no
like,this
of,us
why,not
do,that
me,a
i,say
from,a
makes,me
why,you
fact,that
what,are
not,that
into,a
but,if
as,long
you,guys
depends,on
a,fucking
but,not
with,that
a,nice
no,its
that,they
long,as
a,joke
did,i
was,going
with,my
you,ever
that,shit
you,had
a,great
the,end
how,can
a,new
seems,like
i,still
same,thing
dont,see
well,if
to,use
you,will
how,about
dont,need
more,like
for,this
maybe,you
the,rest
think,i
it,a
it,wasnt
found,the
am,a
to,think
too,much
now,i
just,like
it,isnt
might,be
of,you
cant,melt
is,pretty
is,one
for,your
like,it
the,top
you,might
are,just
up,with
im,just
i,wasnt
has,to
well,you
dont,be
isnt,a
i,knew
it,has
lots,of
blart,mall
someone,who
know,the
oh,my
why,did
this,question
and,its
could,have
does,that
none,of
this,guy
off,the
let,me
is,there
see,the
thats,just
give,you
have,an
not,be
having,a
me,i
who,are
i,heard
oh,i
you,go
this,was
holy,shit
i,should
one,is
i,live
it,but
every,time
to,read
as,an
has,been
agree,with
of,this
give,me
wish,i
seem,to
as,the
what,it
or,a
what,does
they,just
make,it
a,bunch
if,she
to,your
and,my
sex,with
that,sounds
them,to
that,a
my,dad
did,it
man,i
youre,the
a,klondike
but,then
into,the
a,shit
of,all
give,a
no,you
and,your
you,i
are,so
back,to
for,that
sorry,i
they,can
know,i
any,of
is,like
up,and
bunch,of
fucked,up
but,what
people,dont
but,that
can,confirm
i,find
and,they
tell,you
who,the
it,really
people,that
am,not
as,much
whats,the
is,my
up,to
for,it
it,will
do,this
one,time
to,find
but,they
it,can
how,did
it,makes
in,that
it,for
a,dick
all,that
high,school
it,does
a,pretty
to,watch
about,a
what,kind
when,people
they,do
doesnt,mean
is,to
be,able
he,said
to,this
never,heard
just,the
and,thats
the,person
full,of
can,get
cant,be
a,bad
how,does
sure,if
come,on
it,on
my,god
it,up
you,did
i,wonder
than,the
read,that
makes,you
a,real
im,the
gt,i
people,in
we,all
make,sure
she,is
a,thing
no,im
guy,who
was,in
no,but
just,to
thought,it
will,never
have,never
heard,of
that,its
didnt,know
been,a
melt,steel
id,rather
if,we
think,they
is,in
sure,you
get,to
see,what
like,my
me,too
you,even
good,for
or,you
but,thats
right,now
and,that
read,this
to,tell
about,that
so,what
a,really
most,people
why,dont
im,glad
youre,just
nothing,to
that,to
to,stop
have,sex
only,if
you,look
that,guy
to,keep
listen,to
ops,mom
the,right
because,im
so,youre
for,some
at,my
the,uk
dont,worry
fuck,off
on,this
klondike,bar
me,and
i,use
you,sure
this,post
all,i
may,be
he,didnt
no,no
when,the
unless,you
you,not
fuck,that
just,not
does,not
mall,cop
you,arent
is,going
up,in
with,it
why,does
you,rather
look,like
my,life
say,it
rest,of
what,youre
that,in
to,kill
if,that
think,about
its,called
out,the
id,be
your,mother
or,the
where,you
not,an
many,people
to,hear
i,found
sorry,but
to,put
was,it
well,thats
hes,not
how,i
can,do
sort,of
the,movie
as,you
or,not
the,ones
and,we
here,i
for,being
my,first
question,is
life,is
black,people
as,in
a,way
the,shit
never,been
wants,to
is,still
oh,god
not,all
he,has
because,he
no,way
years,ago
can,see
hes,a
and,now
are,all
fat,people
not,like
anyone,who
looking,for
you,call
a,person
your,comment
to,not
with,this
to,ask
dont,really
dont,believe
you,the
not,in
that,makes
this,comment
id,say
and,this
put,a
it,sounds
did,the
talk,about
talk,to
what,did
so,it
those,are
my,friend
would,say
first,time
think,youre
and,he
a,kid
and,have
one,who
having,sex
im,so
who,is
even,if
is,actually
game,of
and,all
i,prefer
nice,try
believe,in
end,of
seems,to
did,not
find,a
i,actually
that,if
that,and
my,mom
are,we
a,couple
just,as
than,a
doesnt,matter
that,im
we,need
dont,give
not,have
im,an
what,they
up,the
no,they
never,had
difference,between
so,is
use,the
thats,how
is,wrong
if,someone
yes,but
hope,you
it,as
cant,believe
other,than
said,that
was,so
right,to
if,a
how,are
im,gonna
by,a
need,a
get,that
you,said
not,going
does,this
we,can
as,if
amount,of
a,day
this,isnt
shut,up
my,wife
it,you
we,get
your,own
lol,i
a,friend
based,on
wouldnt,be
you,feel
it,seems
is,very
shit,i
good,thing
know,why
too,bad
tried,to
you,see
the,real
say,the
women,are
see,how
say,this
pay,for
do,the
plenty,of
i,tried
when,it
no,matter
time,to
put,it
at,this
doing,it
you,but
not,what
so,if
i,disagree
the,difference
if,this
went,to
not,as
you,may
made,a
im,in
would,i
yeah,that
of,an
just,have
to,pay
or,just
to,work
yeah,im
be,honest
think,thats
youre,right
go,back
of,their
be,an
ive,heard
they,should
to,eat
it,if
that,has
needs,to
and,what
that,he
allowed,to
true,but
it,when
the,wrong
to,give
i,couldnt
you,make
over,the
love,to
in,america
know,you
one,that
i,remember
and,get
i,came
were,you
its,all
how,would
what,would
its,an
for,my
they,want
yes,it
way,too
id,like
back,in
well,it
got,to
me,that
and,if
is,only
that,movie
too,many
about,how
you,wouldnt
youre,an
see,it
so,its
they,would
that,as
thing,i
had,the
white,people
is,better
more,of
it,with
have,some