but,my
to,kill
he,had
how,are
we,can
the,way
do,i
fuck,off
gt,i
more,of
my,husband
of,a
so,its
what,i
did,he
i,couldnt
feel,like
no,way
i,will
more,like
was,about
to,put
with,that
not,that
is,a
like,how
i,hope
my,girlfriend
its,all
to,get
roses,are
now,i
yeah,well
you,can
the,amount
i,tried
shes,the
think,it
if,this
they,do
it,does
up,and
tried,to
pretty,much
get,the
why,are
because,of
its,called
of,you
it,to
of,my
see,the
are,so
got,to
it,when
one,time
i,know
a,fucking
is,actually
how,you
i,actually
not,like
would,have
welcome,to
made,a
not,all
i,would
when,youre
you,never
to,you
how,do
so,it
well,it
to,think
to,a
didnt,know
when,she
so,much
it,makes
me,that
blart,mall
she,was
thank,you
rest,of
let,me
by,the
i,need
what,about
people,with
but,if
for,that
you,dont
or,a
this,was
no,it
think,they
what,you
id,be
over,the
many,people
you,get
instead,of
in,her
who,are
i,mean
as,much
all,of
we,have
that,to
are,redviolets
we,are
the,people
think,its
is,in
what,does
at,least
would,say
dont,know
this,sounds
are,just
thats,a
to,have
a,dick
how,to
dont,know
but,then
im,gonna
if,you
dont,be
too,bad
they,are
think,about
kind,of
and,now
seems,like
looks,like
youre,a
the,right
and,i
dont,worry
holy,shit
on,your
is,no
to,my
of,them
theres,a
i,had
at,this
what,do
dont,see
and,then
i,have
i,still
read,it
for,me
you,say
stick,your
ill,be
you,guys
remember,the
of,this
dont,you
she,said
we,have
must,have
it,seems
you,got
not,have
on,my
because,you
and,no
i,love
end,of
hard,to
its,like
that,one
that,its
been,a
a,serious
able,to
i,saw
when,my
i,dunno
think,that
is,your
know,how
he,looks
you,want
up,the
i,use
to,know
read,the
so,basically
is,it
you,fucking
by,a
and,that
years,ago
who,is
i,got
now,we
the,real
i,know
if,he
pretty,much
fucked,up
well,i
a,great
have,sex
depends,on
of,them
the,world
time,i
thats,how
up,in
put,it
would,you
so,if
the,uk
to,wear
when,i
my,life
and,now
the,whole
yeah,that
im,just
how,you
how,to
a,klondike
a,new
sound,like
well,you
are,you
did,i
has,been
read,that
you,can
know,my
to,read
just,dont
only,one
is,pretty
doing,it
know,what
why,do
i,was
tell,them
the,same
was,just
was,in
through,the
allowed,to
man,that
i,was
forget,that
that,just
up,the
i,did
because,they
they,are
wear,a
thats,the
youre,right
i,can
where,you
into,the
the,way
always,thought
i,believe
do,this
he,was
in,his
as,you
i,want
you,and
how,did
reddit,is
to,think
did,you
whats,the
what,they
but,its
is,why
a,woman
is,not
my,mom
as,the
just,the
was,an
of,an
sorry,but
yes,i
that,is
well,it
be,a
you,in
could,have
i,see
know,a
it,as
its,an
to,play
back,in
lets,be
not,even
feel,bad
this,isnt
was,so
like,an
dont,even
is,on
say,that
you,think
youre,a
pay,for
all,i
but,im
there,are
sex,with
you,do
no,matter
here,i
it,will
he,said
would,be
being,a
how,can
sounds,like
to,this
that,i
shit,i
how,much
give,me
like,a
thank,god
for,the
it,does
a,time
you,call
like,the
say,this
i,do
melt,steel
me,too
of,all
just,like
am,i
well,if
youre,not
for,some
is,where
why,is
he,didnt
see,it
you,said
i,agree
then,you
when,i
this,question
this,makes
im,going
have,to
id,like
a,black
the,best
this,thread
may,be
you,might
not,a
to,make
ayy,girl
and,what
to,make
that,you
so,what
try,to
so,i
tell,you
me,a
you,but
my,friend
just,because
as,the
a,tree
get,to
so,many
a,nice
does,not
pretty,sure
why,the
guy,who
so,it
a,few
just,have
he,is
long,as
have,the
why,would
a,couple
when,people
i,always
we,dont
if,its
you,see
good,for
i,think
the,fact
look,like
of,course
you,did
a,very
how,many
its,been
it,i
a,bad
fuck,it
to,call
for,the
i,thought
any,of
women,like
to,use
sounds,like
damn,i
and,it
probably,a
and,im
youve,got
how,the
was,it
the,one
i,hate
because,of
how,is
just,a
i,actually
for,all
but,if
youre,not
im,sure
about,it
like,what
back,to
have,an
dont,stick
you,had
you,to
would,be
think,i
know,how
agree,with
for,me
to,watch
full,of
me,i
do,not
and,thats
from,the
bunch,of
youre,just
to,say
what,they
of,you
oh,no
i,say
make,a
know,why
at,the
at,the
say,the
the,world
i,went
it,wasnt
guy,who
they,should
so,that
but,it
more,than
i,love
if,we
dont,have
game,of
should,have
we,did
him,a
part,of
the,fuck
a,lot
didnt,know
do,not
just,the
it,a
did,the
if,she
at,all
no,they
i,never
i,could
i,make
read,this
is,more
nothing,to
how,would
wrong,with
are,a
because,the
why,i
so,youre
dont,worry
a,man
i,like
dont,care
a,couple
try,to
i,heard
but,that
ha,ha
it,on
ive,seen
do,the
man,i
im,sorry
at,my
you,must
so,many
people,are
same,thing
that,has
does,it
oh,shit
the,only
is,still
know,i
so,you
i,also
used,to
the,ones
who,the
to,me
if,it
anyone,who
it,for
fact,that
a,person
why,did
im,glad
thread,is
a,small
you,and
the,only
lot,of
i,cant
why,i
dont,get
of,the
doing,it
im,so
to,hear
be,honest
thats,a
of,us
did,i
people,dont
i,knew
you,cant
you,do
i,find
is,wrong
thing,i
im,gonna
is,so
as,a
someone,who
white,people
have,a
was,so
than,the
thanks,for
with,that
i,came
you,cant
because,im
is,pretty
in,that
this,in
the,best
roses,are
if,you
it,seems
thats,just
it,up
up,and
the,rest
if,the
if,i
is,that
a,great
why,did
about,the
might,have
i,had
my,own
from,a
i,read
you,wouldnt
where,the
there,is
shit,i
but,then
hes,a
where,do
having,a
just,say
get,that
should,do
is,an
think,of
you,i
is,my
they,all
for,this
isnt,a
this,one
the,question
went,to
you,didnt
the,next
someone,who
that,if
were,you
that,was
at,a
but,why
not,like
oh,i
to,say
what,would
you,had
for,some
said,that
on,your
for,it
it,wasnt
turns,out
talking,about
lots,of
id,be
he,just
no,you
ive,been
be,the
when,the
no,im
what,was
does,this
for,this
the,other
oh,my
of,their
not,be
my,god
time,i
the,dark
out,for
want,to
most,of
never,heard
got,a
he,did
and,a
this,is
the,worst
thank,you
a,pretty
instead,of
have,never
what,are
on,reddit
was,more
about,how
for,you
have,an
a,good
up,to
it,is
fucked,a
i,hope
i,am
i,still
your,mom
out,of
why,does
even,if
im,just
i,prefer
i,believe
make,me
coming,to
to,a
for,your
want,to
thought,it
and,get
me,that
as,long
think,you
what,youre
to,tell
i,think
that,and
be,an
the,first
in,my
the,time
because,its
i,said
just,as
just,a
because,it
i,havent
go,back
dont,think
do,this
i,want
be,an
of,it
time,to
come,on
a,shit
not,in
dont,be
was,banned
by,a
a,really
thats,the
i,wonder
right,there
a,way
too,much
it,a
i,disagree
would,say
right,to
i,can
more,than
you,go
a,bit
one,of
it,in
i,could
no,the
my,women
especially,when
i,took
to,hear
should,be
there,were
the,middle
about,a
sure,you
if,your
be,the
dont,forget
way,to
that,movie
just,go
such,a
no,idea
have,a
and,i
use,the
has,a
be,honest
he,never
no,i
do,an
to,watch
because,it
and,it
you,have
you,did
for,your
dont,care
come,to
did,it
think,youre
didnt,even
we,get
it,in
what,is
so,much
time,to
its,an
dont,believe
i,find
that,is
the,most
be,fair
you,will
like,that
but,im
see,the
it,is
is,what
because,i
than,you
this,comment
you,want
can,do
in,on
about,a
unless,you
you,have
well,that
they,would
me,a
is,that
dont,get
wanted,to
there,are
are,you
why,not
ive,seen
no,im
do,that
out,there
if,someone
to,see
holy,shit
into,a
some,of
not,really
they,were
it,sounds
read,this
when,he
or,you
and,its
as,well
holy,fuck
ever,ever
one,of
love,the
which,is
i,do
it,can
know,if
is,this
bad,for
you,will
jet,fuel
to,the
i,got
to,me
to,pay
i,just
id,rather
the,shit
on,a
and,they
why,you
a,lot
to,that
about,the
some,people
when,im
take,a
needs,to
you,for
can,you
when,it
when,it
we,need
but,they
you,think
thats,not
this,to
right,now
why,is
as,an
you,see
people,who
with,you
my,dick
think,about
what,you
but,i
only,one
see,what
most,people
we,all
what,would
name,is
the,movie
with,this
more,like
with,a
out,a
i,bet
that,would
if,a
for,being
this,was
who,the
fuck,you
thats,what
did,it
one,is
did,not
so,is
have,to
my,life
we,can
i,should
they,were
from,a
can,i
one,who
a,better
i,found
is,in
if,youre
for,a
all,i
in,your
if,i
could,have
that,it
think,you
makes,me
they,dont
think,my
wants,to
reddit,is
they,want
dont,really
be,able
not,to
they,say
you,mean
cant,believe
with,an
it,as
and,this
like,to
hes,a
i,remember
whats,the
can,we
tried,to
had,to
what,if
might,be
excuse,me
sort,of
had,a
dont,give
does,this
do,you
help,but
yeah,i
its,so
to,be
and,your
have,been
at,least
was,it
trying,to
im,in
redviolets,are
all,the
like,that
is,just
can,get
10,years
i,thought
hope,you
and,im
of,course
what,happened
the,same
you,look
i,dont
we,all
youre,going
high,school
is,it
i,live
that,guy
why,dont
doesnt,mean
amount,of
from,an
the,house
dont,want
dont,want
ah,the
will,be
im,a
id,like
think,the
i,wonder
i,didnt
was,just
but,what
you,but
the,word
a,real
them,to
the,fuck
never,been
like,my
this,thread
and,not
it,has
i,say
than,a
sorry,i
the,day
my,ex
supposed,to
the,other
to,you
not,to
it,isnt
what,do
yeah,i
my,wife
had,to
a,day
the,rest
know,the
of,an
with,your
how,many
tell,me
that,you
back,to
may,have
to,keep
because,the
not,an
part,of
so,youre
you,guys
you,let
he,would
get,ready
like,a
the,one
but,the
because,he
and,its
i,bet
this,one
it,with
every,time
can,do
use,the
thanks,for
it,on
wouldnt,be
to,go
i,tried
go,to
one,in
what,kind
but,thats
your,dick
love,that
look,at
lot,of
makes,you
and,my
i,cant
no,one
we,dont
cant,believe
front,of
going,to
black,people
and,my
dont,understand
good,thing
it,will
what,is
and,she
was,in
my,wife
of,that
end,up
what,does
give,you
some,of
say,the
true,but
way,to
this,guy
a,joke
seems,to
heard,of
we,should
in,this
go,to
so,you
it,means
as,i
better,than
to,know
can,be
then,i
the,last
as,an
a,kid
on,the
be,able
none,of
so,bad
oh,yeah
mall,cop
it,makes
think,it
you,ever
if,that
a,new
for,most
lol,i
of,those
i,did
enough,to
a,girl
im,pretty
its,just
its,called
and,we
was,not
say,it
make,a
do,it
a,real
at,a
of,us
to,my
no,its
of,all
on,reddit
or,just
you,sure
women,are
no,but
wow,that
love,to
have,you
i,guess
there,was
fuck,is
it,looks
just,like
the,us
is,not
with,my
find,out
become,a
i,said
in,a
think,thats
it,was
no,no
youre,an
she,is
it,up
you,would
ice,cream
going,to
this,is
at,all
as,someone
but,the
not,sure
your,dad
no,but
never,been
how,about
a,long
and,the
think,i
to,your
not,what
what,are
that,makes
read,that
did,this
what,about
the,difference
that,sounds
get,it
the,fact
you,even
was,a
every,time
let,my
how,the
your,own
they,do
and,thats
you,not
made,me
im,not
out,of
do,they
to,the
so,i
make,sure
he,does
the,top
that,the
the,story
was,thinking
but,i
get,out
wanted,to
in,this
if,only
this,post
up,to
im,the
with,the
to,ask
have,no
to,find
didnt,you
how,did
or,just
im,sure
get,that
year,old
most,of
can,be
its,the
you,dont
to,do
they,didnt
it,would
live,in
would,you
can,i
are,not
that,he
the,most
not,just
are,red
can,go
to,use
it,doesnt
you,would
he,has
first,time
is,a
why,the
you,look
on,it
with,the
it,you
has,been
would,have
did,not
such,a
shut,up
yeah,but
well,thats
to,get
you,to
fun,fact
on,this
i,knew
let,you
a,really
the,entire
to,put
you,get
klondike,bar
when,they
doesnt,matter
isnt,a
talking,about
must,be
but,that
do,with
do,people
a,thing
lots,of
see,a
i,get
a,bunch
think,the
had,an
a,second
have,no
was,my
what,a
not,the
am,a
cant,be
isnt,that
piece,of
say,that
well,the
this,story
can,make
out,to
that,doesnt
have,more
if,he
that,would
that,a
is,the
went,to
i,wish
is,to
you,call
from,the
you,got
that,guy
of,a
you,sure
has,a
do,you
my,friend
it,has
i,dont
ive,heard
is,going
like,this
the,ending
i,saw
she,was
nice,try
a,little
i,used
that,i
there,is
they,would
of,my
know,youre
oh,man
how,does
how,i
i,really
the,real
you,could
the,time
have,never
for,my
he,is
we,are
is,why
look,at
talk,about
wish,i
i,always
it,but
im,not
of,your
a,very
me,to
to,find
to,do
as,in
i,feel
up,on
if,that
my,brother
you,rather
last,time
in,your
fuck,that
better,than
for,that
the,guy
you,feel
as,a
just,to
that,one
the,hell
to,see
came,here
version,of
think,that
me,i
would,like
a,woman
im,in
are,all
a,fucking
what,the
said,that
tell,me
into,the
just,not
that,in
just,got
you,may
do,i
to,go
having,sex
but,they
talk,to
fuel,cant
happened,to
at,this
know,why
must,be
is,just
oh,i
did,you
ive,ever
to,not
your,comment
seems,like
my,mother
and,he
dont,have
makes,me
be,a
can,you
years,of
dont,you
fact,that
high,school
with,my
with,you
is,still
in,america
thought,i
have,the
you,sound
am,i
i,read
you,a
it,was
you,probably
there,was
away,from
allowed,to
of,reddit
is,there
listen,to
should,be
they,just
what,a
if,were
is,he
its,a
is,one
when,you
you,make
fan,of
one,that
i,guess
that,she
yeah,it
it,doesnt
that,he
up,with
is,there
live,in
come,on
one,day
how,i
sound,like
to,your
its,not
year,old
youre,the
in,my
to,work
a,bad
dont,think
the,last
see,how
told,me
say,you
a,pretty
when,someone
because,he
me,too
am,not
was,going
you,go
the,us
found,the
see,how
and,the
what,kind
wow,i
you,must
making,a
you,said
i,hate
out,the
of,the
like,i
no,idea
of,your
is,about
think,its
a,little
on,the
on,a
yes,but
got,a
if,its
it,and
how,can
looks,like
he,has
like,this
that,a
do,that
each,other
you,could
people,in
can,confirm
give,a
out,the
you,for
is,my
not,going
a,nice
telling,me
you,just
yes,it
its,a
ive,never
most,people
take,a
no,way
into,a
ive,never
i,am
number,of
now,you
not,as
we,get
gt,i
and,if
you,were
that,the
are,the
you,ever
at,my
know,you
it,if
you,might
plenty,of
oh,god
can,get
my,son
and,he
let,me
never,had
think,he
wants,to
one,guy
god,damn
are,the
was,going
to,just
the,person
what,the
than,a
theres,no
the,whole
feel,like
when,you
a,dick
to,give
and,if
thats,just
a,big
why,would
when,they
good,thing
being,a
a,few
you,live
she,is
what,if
him,to
i,liked
the,movie
your,mom
is,your
are,just
as,well
pretty,sure
will,always
you,are
about,it
but,you
i,couldnt
i,wasnt
people,are
think,they
i,should
thats,like
be,fair
or,not
does,that
have,you
its,like
thought,the
got,to
account,on
yeah,its
know,i
its,just
did,the
were,talking
cant,melt
one,that
we,could
need,to
your,mother
that,shit
or,a
the,shit
amount,of
have,somein,the
you,know
get,it
it,and
by,the
or,the
if,the
more,of
and,you
will,never
on,that
why,are
those,are
me,and
hard,to
the,end
you,say
im,an
im,glad
and,you
because,i
if,youre
im,going
know,the
was,the
saw,a
i,met
if,it
will,never
is,very
the,end
he,didnt
here,to
for,you
seems,to
because,they
that,im
if,there
that,as
my,god
the,wrong
no,no
you,are
with,a
should,have
it,just
like,it
to,stop
a,good
kind,of
based,on
its,not
are,we
rest,of
i,get
worse,than
now,i
was,this
too,much
put,a
i,see
know,that
to,take
over,the
and,then
you,should
and,have
right,now
its,the
hope,you
here,i
thats,what
people,dont
the,point
with,it
is,actually
how,do
waiting,for
they,just
like,to
cant,help
life,is
just,dont
i,once
get,a
if,they
it,just
and,a
what,it
you,a
my,favorite
but,not
my,dad
all,of
you,need
has,to
or,the
fat,people
find,a
off,the
fucked,up
so,he
you,were
is,only
and,they
back,in
many,people
never,had
dick,in
just,get
im,a
but,it
dont,even
the,hell
i,remember
are,not
like,my
that,movie
you,feel
ive,been
not,even
like,i
get,the
what,did
you,didnt
oh,my
you,arent
a,way
i,used
he,was
way,too
im,so
i,never
have,been
id,rather
hes,not
what,i
question,is
of,people
my,parents
you,know
is,better
in,the
that,sounds
in,that
like,you
the,top
my,dad
i,wish
dont,like
fuck,you
not,sure
when,people
thats,why
and,that
id,say
thought,it
that,was
how,old
could,be
all,the
that,its
difference,between
paul,blart
you,need
fuck,that
in,a
the,internet
any,of
is,like
might,be
well,you
so,are
actually,a
of,that
when,the
to,this
is,an
it,to
to,give
a,man
i,only
i,have
was,a
i,will
of,it
is,what
i,havent
was,the
thought,you
thats,why
ops,mom
anything,that
only,if
im,pretty
how,much
the,point
is,the
pay,for
just,because
this,guy
that,shit
im,sorry
my,friends
what,did
the,worst
i,agree
not,a
if,they
to,tell
does,it
first,time
would,i
why,do
know,what
we,had
well,i
up,a
course,they
used,to
can,see
need,a
dont,need
because,you
make,it
at,that
are,a
for,a
my,first
too,late
i,just
get,a
with,your
make,it
people,who
of,what
of,those
up,with
i,would
of,people
not,allowed
i,need
it,the
of,these
its,all
do,it
my,mom
every,account
maybe,you
in,all
who,are
of,his
like,the
up,in
you,should
yeah,im
that,it
they,have
so,hard
you,really
put,the
on,my
but,you
i,really
is,so
dont,need
sure,if
interested,in
that,they
my,hair
a,guy
i,wouldnt
full,of
he,said
a,bit
it,really
am,a
thats,how
is,this
believe,in
they,should
the,first
had,a
i,feel
on,you
banned,from
to,be
what,it
about,that
sit,on
no,i
the,guy
that,doesnt
even,if
as,if
had,the
look,like
a,girl
you,the
can,confirm
theres,a
even,know
to,have
ive,got
trying,to
thats,not
a,friend
on,this
had,the
is,no
but,its
this,comment
no,one
too,many
i,hear
people,that
made,me
the,internet
then,you
seem,to
able,to
could,be
i,mean
yeah,but
one,is
ah,yes
off,the
to,eat
to,us
all,that
just,to
i,like
is,exactly
in,front
you,mean
if,we
cant,even
looking,for
and,all
a,huge
it,would
i,didnt
not,the
a,guy
like,it
they,dont
i,wouldnt
is,like
know,that
think,of
other,than
you,just
you,i
about,that
need,to
some,people
same,thing
of,this
they,can
seem,to
supposed,to
do,the
not,that
this,and
makes,you
me,to
god,i
you,like
like,you
yeah,im
yes,but
