in,the
of,the
is,a
on,the
This,is
to,be
for,the
I,think
like,a
I,was
I,don't
going,to
have,a
of,a
is,the
this,is
out,of
to,the
was,a
it,was
I,thought
looks,like
for,a
I,have
the,same
in,a
if,you
be,a
want,to
with,the
with,a
from,the
have,to
on,a
at,the
you,have
I,love
would,be
to,get
That,is
Looks,like
one,of
to,see
kind,of
I,am
but,I
I,just
a,lot
I,can
to,have
I,would
all,the
a,little
and,I
I,like
as,a
If,you
like,the
and,the
in,my
look,like
I,bet
It's,a
had,a
do,you
need,to
I,want
it,to
to,a
are,you
when,you
look,at
has,a
I,see
the,fuck
a,good
a,picture
was,the
what,I
lot,of
that,is
OP,is
is,this
in,this
picture,of
trying,to
Are,you
did,you
on,your
not,a
the,guy
he,was
and,a
will,be
they,are
you,can
I,had
Is,that
just,a
it's,a
